date,3200/车板价/呼伦贝尔,3200/车板价/赤峰,3200/车板价/通辽,3200/车板价/锡林郭勒,3600/车板价/呼伦贝尔,3600/车板价/赤峰,3600/车板价/通辽,3600/车板价/锡林郭勒,4000/车板价/赤峰,4500/坑口含税价/动力煤/鄂尔多斯（综合）,5000/坑口含税价/动力煤/鄂尔多斯（综合）,5500/坑口含税价/动力煤/鄂尔多斯（综合）,山西车板价/4500,山西车板价/5000,山西车板价/5500,山西车板价/5800,5000/沫煤/华东沿江电厂,5000/烟煤/华东沿江电厂,5500/沫煤/华东沿江电厂,6000/神华中块/华东沿江电厂,6000/神木块/华东沿江电厂,6500/神木末/华东沿江电厂,5000/包头,5500/乌海,全国/4500/出厂价,全国/4500/坑口价,全国/4500/平仓价,全国/4500/船板价,全国/4500/车板价,全国/5000/出厂价,全国/5000/场地价,全国/5000/坑口,全国/5000/坑口价,全国/5000/车板价,全国/5500/出厂价,全国/5500/场地价,全国/5500/坑口价,全国/5500/车板价,全国/5800/出厂价,全国/5800/场地价,全国/5800/坑口价,全国/5800/平仓价,全国/5800/船板价,全国/5800/车板价,15-20/上海,20-30/上海,30-40/上海,40-50/上海,50-60/上海,15-20/张家港,20-30/张家港,30-40/张家港,40-50/张家港,50-60/张家港,15-20/广州,20-30/广州,30-40/广州,40-50/广州,50-60/广州,鄂尔多斯动力煤坑口价格/4500,鄂尔多斯动力煤坑口价格/5000,鄂尔多斯动力煤坑口价格/5500,鄂尔多斯动力煤坑口价格/5800,广州港/4500,广州港/5000,广州港/5500,广州港/5800,宁波港/沫煤/5000_x,宁波港/沫煤/5500_x,宁波港/神华中块/6000_x,宁波港/神木末/6000,山西坑口/4500,山西坑口/5000,山西坑口/5500,山西坑口/5800,陕西坑口/4500/含税,陕西坑口/5000/不含,陕西坑口/5500/不含,陕西坑口/5500/含税,陕西坑口/5800/不含,陕西坑口/5800/含税,陕西地区/4500/坑口含税,陕西地区/5000/坑口含税,陕西地区/5500/坑口含税,陕西地区/5800/坑口含税,广州港/印尼煤/4300,广州港/印尼煤/4700,广州港/大混/5000,广州港/大混/5500,宁波港/沫煤/5000_y,宁波港/沫煤/5500_y,宁波港/神华中块/6000_y,神华/4500/其他,神华/4500/出厂不含税,神华/4500/出厂价,神华/4500/平仓价,神华/4500/车板价,神华/5000/其他,神华/5000/出厂价,神华/5000/坑口价,神华/5000/平仓价,神华/5000/车板价,神华/5500/其他,神华/5500/出厂价,神华/5800/其他,神华/5800/出厂价,神华/5800/车板价,鄂尔多斯公路综合/中途运输,鄂尔多斯公路综合/短途运输,鄂尔多斯公路综合/长途运输,鄂尔多斯公路分类运价/中途运输,鄂尔多斯公路分类运价/短途运输,鄂尔多斯公路分类运价/长途运输,鄂尔多斯公路分类单价/中途运输,鄂尔多斯公路分类单价/短途运输,鄂尔多斯公路分类单价/长途运输
2017/1/4,126,297,184,150,155,335,202,192,431,210,295,371,368.3333333,452.5,460,518.4615385,585.5714286,,656.2857143,683.2857143,,,390,425,420.5,412.5,,,508.3333333,690,,,480,527.5,480,,590,563.8333333,560,,575,,,670,1,1,1,3,1,1,1,1,3,1,1,1,1,3,1,220.1304348,299.875,359.3333333,402.7647059,430,695,735,910,585.5714286,656.2857143,683.2857143,,367.5,452.5,460,530,285,407.6666667,332,407,471.25,345,,425,437.5,463.9545455,595,635,745,835,649,751,778,590,,430,,555,,566,465,,,,610,510,643,,0.47,0.77,0.27,53.63636364,18.85,276.1428571,0.450909091,0.783,0.297428571
2017/1/11,126,297,184,150,155,335,202,192,431,210,293.5714286,368.8571429,364.047619,448.2142857,455.7142857,514.1758242,582.4285714,,651.1428571,678.1428571,,,390,425,420.2857143,420,,,508.1904762,690,,,480,523.2142857,480,,590,562.4047619,560,,575,,,667.8571429,1,1,1.428571429,2.428571429,1,1,1,1.428571429,2.428571429,1,1,1,1.428571429,2.428571429,1,220.1304348,299.875,359.3333333,402.7647059,430,695,735,866.6666667,582.4285714,651.1428571,678.1428571,,363.2142857,448.2142857,455.7142857,525.7142857,285,407.6666667,332,409.8571429,471.25,345,,427.1428571,435.3571429,485.5506494,595,635,745,835,649,751,778,590,,429.5714286,,555,,566,469.2857143,,,,610,512.1428571,643,,0.47,0.77,0.27,53.63636364,18.85,276.1428571,0.450909091,0.783,0.297428571
2017/1/18,126,297,184,150,155,335,202,192,431,210,288,368,358.3333333,423.2142857,440.7142857,492.6373626,580.7142857,,648.5714286,675.5714286,,,390,425,419.7857143,430,,,507.8571429,690,,,480,517.5,480,,590,559.0714286,560,,575,,,650,1.142857143,1,1,2.285714286,1,1.142857143,1,1,2.285714286,1,1.142857143,1,1,2.285714286,1,220.1304348,299.875,359.3333333,402.7647059,430,695,705,866.6666667,580.7142857,648.5714286,675.5714286,,357.5,423.2142857,440.7142857,502.0779221,285,407.6666667,332,415.2857143,471.25,345,,430,432.5,458.3,595,635,745,835,649,751,778,590,,428.5714286,,555,,566,483.5714286,,,,610,515,643,,0.47,0.77,0.27,53.63636364,18.85,276.1428571,0.450909091,0.783,0.297428571
2017/1/25,126,297,184,150,155,335,202,192,431,210,286,368,358.3333333,397.5,428.3333333,471.5384615,581,,649,676,,,390,425,419.5,430,,,507.6666667,690,,,480,517.5,480,,590,557.1666667,560,,575,,,630,1.285714286,1.571428571,1,1.857142857,1,1.285714286,1.571428571,1,1.857142857,1,1.285714286,1.571428571,1,1.857142857,1,220.1304348,299.875,359.3333333,402.7647059,430,695,705,866.6666667,581,649,676,,357.5,397.5,428.3333333,478.1818182,285,407.6666667,410.5714286,417,471.25,345,,430,432.5,458.3,595,635,745,835,649,751,778,590,,464.3214286,,555,,566,495,,,,610,515,643,,0.47,0.77,0.27,53.63636364,18.85,276.1428571,0.450909091,0.783,0.297428571
2017/2/1,126,297,184,150,155,335,202,192,431,210,286,368,358.3333333,397.5,428.3333333,471.5384615,580.1428571,,646.8571429,673.8571429,,,390,425,419.0714286,438.5714286,,,507.3809524,690,,,480,517.5,480,,590,557.1666667,560,,575,,,630,1,2,1,2,1,1,2,1,2,1,1,2,1,2,1,220.1304348,299.875,359.3333333,402.7647059,430,695,705,866.6666667,580.1428571,646.8571429,673.8571429,,357.5,397.5,428.3333333,478.1818182,285,407.6666667,442,417,471.25,345,,430,432.5,458.3,595,635,745,835,649,751,778,590,,475.5714286,,555,,566,495,,,,610,515,643,,0.47,0.77,0.27,53.63636364,18.85,276.1428571,0.450909091,0.783,0.297428571
2017/2/8,126,297,184,150,155,335,202,192,431,209,283.5714286,365.5714286,358.3333333,397.5,428.3333333,471.5384615,574.2857143,,638.4285714,665.4285714,,,390,425,417.2142857,450,,,506.1428571,683.5714286,,,480,517.5,480,,588.9285714,555.0238095,560,,575,,,627.8571429,1,1.285714286,1,2,1,1,1.285714286,1,2,1,1,1.285714286,1,2,1,220.1304348,299.875,359.3333333,402.7647059,441.4285714,621.3571429,712.8571429,917.1428571,574.2857143,638.4285714,665.4285714,,357.5,397.5,428.3333333,478.1818182,285,407.6666667,442,417,471.25,345,,430,432.5,458.1714286,595,635,745,835,649,751,778,585.7142857,,423.4285714,,553.5714286,,566,486.4285714,,,,610,515,643,,0.47,0.77,0.27,53.63636364,18.85,276.1428571,0.450909091,0.783,0.297428571
2017/2/15,126,297,184,150,155,335,202,192,431,209,283,365,358.3333333,397.5,428.3333333,471.5384615,574.5714286,,636.8571429,663.8571429,,,385.7142857,422.8571429,416.1428571,450,,,503.2857143,675,,,478.9285714,513.75,477.8571429,,587.5,551.0952381,560,,573.9285714,,,625,1,1.142857143,1,1.714285714,1,1,1.142857143,1,1.714285714,1,1,1.142857143,1,1.714285714,1,220.1304348,299.875,359.3333333,402.7647059,495.7142857,615.7142857,704.2857143,920,574.5714286,636.8571429,663.8571429,,357.5,397.5,428.3333333,478.1818182,285.3571429,409.5714286,442.2380952,417.7142857,471.25,345,,430,432.5,450.7593985,595,635,745,835,649,751,778,580,,421.2857143,,549.5238095,,566,466.4285714,,,,610,519.2857143,643,,0.47,0.77,0.27,53.63636364,18.85,276.1428571,0.450909091,0.783,0.297428571
2017/2/22,126,297,184,150,155,335,202,192,431,207.5714286,280.8571429,364.2857143,358.3333333,395.3571429,430.4761905,470.8791209,587.2857143,,650.7142857,677.7142857,,,380,420,420,450,,,503,675,,,477.5,508.75,475,,587.5,551.0952381,560,,572.5,,,620.7142857,1.142857143,1,1,2.142857143,1,1.142857143,1,1,2.142857143,1,1.142857143,1,1,2.142857143,1,220.1304348,299.875,359.3333333,402.7647059,530,613.3333333,700,920,587.2857143,650.7142857,677.7142857,,357.5,395.3571429,430.4761905,476.6233766,287.6428571,410.5714286,440.1904762,412.2857143,471.25,345,,430,432.5,441.3308271,595,635,745,835,649,751,778,580,,429,,546.6666667,,566,455,,,,610,525,643,,0.47,0.77,0.27,53.63636364,18.85,276.1428571,0.450909091,0.783,0.297428571
2017/3/1,126,297,184,150,155,335,202,192,431,206.5714286,280.2857143,364,358.3333333,392.5,433.3333333,470,603.1428571,,671.5714286,698.5714286,,,380,420,427.8571429,450,,,508.2380952,675,,,477.5,509.8214286,475,,587.5,560.8571429,560,,572.5,,,615,1,1,1,3,1,1,1,1,3,1,1,1,1,3,1,218.7303783,303.0089286,361,408.8403361,542.3214286,624.047619,700,900,603.1428571,671.5714286,698.5714286,,357.5,392.5,433.3333333,474.5454545,289.2142857,415.6666667,436.952381,408.5714286,471.25,345,,430,422.8571429,447.6058002,595,635,745,835,649,751,778,580,,466.3571429,,546.6666667,,566,463.5714286,,,,610,527.1428571,643,,0.464285714,0.768571429,0.278571429,54.80519481,18.50714286,264.4982993,0.45987013,0.772285714,0.28412585
2017/3/8,125.5714286,297,184,150,155.8571429,337.1428571,202,192,431.8571429,206,286.7142857,370.2857143,364.7619048,395.7142857,438.6904762,473.956044,631.4285714,,699.2857143,726.2857143,,,382.1428571,422.1428571,440.2857143,450,,,516.5238095,675,,,478.5714286,511.7857143,477.1428571,,586.4285714,575.9761905,560,,574.6428571,,,615,1,1,1,2.428571429,1,1,1,1,2.428571429,1,1,1,1,2.428571429,1,220.2756211,313.1071429,368.3716153,423.7815126,556.7142857,657.1428571,738.5714286,938.5714286,631.4285714,699.2857143,726.2857143,,363.9285714,395.7142857,438.6904762,478.3831169,286.8571429,416.6666667,435.2857143,415.1428571,471.25,345,,430,410,455.5786315,595,635,745,835,649,751,778,580,,469.5714286,,546.6666667,,566,483.5714286,,,,610,542.8571429,643,,0.47,0.768571429,0.265714286,56.20779221,18.35,247.999571,0.470649351,0.768285714,0.265388245
2017/3/15,125,297,184,150,157,340,202,192,433,206,297.2857143,382,377.6190476,406.4285714,456.547619,487.1428571,654.4285714,,729.5714286,756.5714286,,,389.2857143,429.2857143,454.5,450,,,525.2857143,675,,,482.1428571,513.0357143,484.2857143,,585.5357143,586.8095238,562.1428571,,579.6428571,,,613.9285714,1,1,1,1.857142857,1,1,1,1,1.857142857,1,1,1,1,1.857142857,1,223.1396104,324.2901961,374.7198449,441.6183824,573.9285714,674.6428571,773.5714286,977.1428571,654.4285714,729.5714286,756.5714286,,376.7857143,406.4285714,456.547619,492.2857143,284.5714286,416.8571429,437.3333333,420.8571429,471.25,345,,436.4285714,410,459.7408964,595,635,745,835,649,751,778,577.8571429,,498,,545.2380952,,566,503.5714286,,,,610,564.2857143,643,,0.47,0.78,0.26,55.61038961,18.75,244.5403199,0.466753247,0.782,0.262928847
2017/3/22,125,297,184,150,157,340,202,192,433,210.2857143,307.7142857,392.1428571,385.4761905,416.0714286,472.6190476,499.010989,654.2857143,,736.5714286,763.5714286,,,395,435,458.3571429,450,,,526.9047619,675,,,485,514.2857143,490,,585.1785714,593.7142857,565,,582.5,,,612.5,1.428571429,1,1,2.142857143,1,1.428571429,1,1,2.142857143,1,1.428571429,1,1,2.142857143,1,225.4935065,333.3198529,381.1800366,447.1178571,574.2857143,693.5714286,780.1785714,980,654.2857143,736.5714286,763.5714286,,384.6428571,416.0714286,472.6190476,502.5,284,418,438.0952381,424.1428571,471.25,345,,447.1428571,410,480.2947846,595,635,745,835,649,751,778,575,,505.7142857,,543.3333333,,566,515,,,,610,570,643,,0.457142857,0.784285714,0.26,53.57142857,18.79285714,240.7131725,0.451948052,0.785428571,0.259907236
2017/3/29,125,297,184,150,157,340,202,192,433,216,316.1428571,395,388.3333333,417.5,475,500.7692308,650.1428571,,735.1428571,762.1428571,,,397.1428571,435,454.8571429,450,,,524.5714286,675,,,485,515,490,,583.75,594.6666667,565,,584.6428571,,,612.5,1,1,1,2.285714286,1,1,1,1,2.285714286,1,1,1,1,2.285714286,1,227.1168831,337.3361345,384.5755102,445.0803571,585.952381,705,780.8333333,980,650.1428571,735.1428571,762.1428571,,387.5,417.5,475,500.5,288.0714286,419.2857143,438.6190476,427,471.25,345,,450,410,475.0044218,595,635,745,835,649,751,778,575,,498.7142857,,543.3333333,,566,519.2857143,,,,610,574.2857143,643,,0.435714286,0.79,0.255714286,51.23376623,18.85,235.8787879,0.434415584,0.79,0.255097403
2017/4/5,125,297,184,150,156.5714286,340,202,192,433,216.4285714,318.5714286,395.4285714,388.3333333,420.7142857,476.4285714,503.4065934,647.8571429,,732.4285714,759.4285714,,,400,435,453.3571429,450,,,523.5714286,675,,,485,518.75,493.4285714,,583.75,594.6666667,565,,588.5714286,,,616.7857143,1,1,1,3,1,1,1,1,3,1,1,1,1,3,1,227.4291361,338.4621849,386.2040816,440.8928571,588.3333333,705,781.6666667,962.8571429,647.8571429,732.4285714,759.4285714,,387.5,420.7142857,476.4285714,504.7857143,295.4285714,420.7857143,441.7619048,424.4285714,471.25,345,,452.1428571,410,477.9314286,595,635,745,835,649,751,778,575,,508.4285714,,543.3333333,,588.1428571,501.4285714,,,,634.2857143,584.2857143,668.7142857,,0.434285714,0.79,0.25,51.28571429,18.85,230.1451247,0.435324675,0.79,0.250671202
2017/4/12,125,297,184,150,156,335.7142857,202,192,433,219.5714286,317.5714286,396,388.3333333,425,476.547619,506.4285714,629.1428571,,723.1428571,750.1428571,,,400,435,448,445.7142857,,,520,675,,,481.7857143,523.75,494.5714286,,583.2142857,593.5952381,563.9285714,,586.7857143,,,621.4285714,1,1,1,2.571428571,1,1,1,1,2.571428571,1,1,1,1,2.571428571,1,225.0026619,337.4285714,390.2002551,436.7410714,571.1904762,705,775,940,629.1428571,723.1428571,750.1428571,,387.5,425,476.547619,509.5064935,297.7857143,421.2857143,445.0952381,419.7142857,471.25,345,,460.5714286,410,470.6442857,595,635,745,835,649,751,778,572.8571429,,485,,542.6190476,,597,459.2857143,,,,644,590,679,,0.435714286,0.781428571,0.25,50.93506494,18.63571429,230.4183673,0.433766234,0.784,0.249241497
2017/4/19,125,294.8571429,184,149.1428571,156,323.1428571,202,192,417.5714286,223,313.5714286,393.4285714,386.1904762,425,474.1666667,505.6043956,609,,711,738,,,397.8571429,432.8571429,437.7142857,440,,,513.1428571,675,,,473.2142857,523.2142857,487.8571429,,580.3571429,530.5238095,559.2857143,,577.1428571,,,620,1,1,1,2.571428571,1,1,1,1,2.571428571,1,1,1,1,2.571428571,1,223.9656772,329.2179622,380.9132653,432.1428571,563.0952381,698.5714286,771.1904762,940,609,711,738,,385.3571429,425,474.1666667,508.1818182,297.5,422.3333333,447.1428571,418,471.25,345,,468,410,455.4545455,595,635,745,835,649,751,778,570,,464.4285714,,541.6666667,,597,445,,,,644,585.7142857,679,,0.425714286,0.765714286,0.25,49.5974026,18.22142857,140.5928571,0.423116883,0.771285714,0.469920635
2017/4/26,125,292,184,148,156,314,202,192,397,223,306.8571429,387.4285714,376.9047619,422.8571429,470.5952381,502.7472527,593.7142857,,685.8571429,712.8571429,,,390.7142857,427.8571429,429.2142857,440,,,507.4761905,675,,,466.4285714,521.4285714,482.8571429,,578.5714286,446.547619,555,,568.9285714,,,620,1,1,1,2.428571429,1,1,1,1,2.428571429,1,1,1,1,2.428571429,1,224.4082439,322.3781513,371.1734694,427.9047619,547.8571429,690,762.6190476,914.2857143,593.7142857,685.8571429,712.8571429,,376.0714286,422.8571429,470.5952381,506.1753247,297.5,422.3333333,446.6190476,417.1428571,471.25,345,,468,410,449.1255411,595,635,745,835,649,751,778,570,,447.4285714,,541.6666667,,597,449.2857143,,,,644,575.7142857,679,,0.42,0.755714286,0.25,49.62337662,17.96428571,110.0910714,0.42038961,0.760714286,0.543883929
2017/5/3,125,288.5714286,184,147.1428571,156.4285714,312.2857143,202,192,391,221.7142857,300.1428571,378,364.047619,412.5,459.047619,491.978022,573.1428571,,665.7142857,692.7142857,,,382.8571429,420.7142857,418.6428571,440,,,499.7142857,672.8571429,,,462.8571429,514.6428571,475.7142857,,579.4642857,440.952381,555,,563.2142857,,,615.7142857,1,1,1,2.571428571,1,1,1,1,2.571428571,1,1,1,1,2.571428571,1,221.1076605,314.2689076,360.5892857,422.6636905,546.6666667,690,761.6666667,910,573.1428571,665.7142857,692.7142857,,363.2142857,412.5,459.047619,495.7662338,293.6428571,422.047619,444.952381,415.1428571,471.25,345,,451.7142857,410,445.2487631,595,635,745,835,649,751,778,570,,441.25,,540.2380952,,589.8571429,433.5714286,,,,636,563.5714286,670.4285714,,0.42,0.737142857,0.245714286,49.64935065,17.50714286,229.2806122,0.421298701,0.738714286,0.245668367
2017/5/10,125,284,184,146,157,310,202,192,383,219.5714286,288.1428571,362.2857143,354.047619,400.3571429,446.4285714,479.6703297,555.2857143,,640.2857143,667.2857143,,,377.8571429,406.4285714,406.7142857,435.7142857,,,490.8095238,670,,,453.5714286,505.3571429,461.4285714,,574.4642857,433.8095238,552.8571429,,548.9285714,,,610,1.142857143,1,1.142857143,2.857142857,1,1.142857143,1,1.142857143,2.857142857,1,1.142857143,1,1.142857143,2.857142857,1,219.1431395,302.7226891,349.5642857,414.5982143,542.3809524,664.2857143,741.1904762,807.1428571,555.2857143,640.2857143,667.2857143,,353.2142857,400.3571429,446.4285714,484.7835498,288.5,421.0952381,441.2857143,411,471.25,357.8571429,,421.4285714,410,440.6718995,595,635,745,835,649,751,778,570,,407.4285714,,538.3333333,,584.5,392.1428571,,,,630,548.5714286,664,,0.42,0.715714286,0.235714286,49.27272727,16.98571429,223.6167092,0.42025974,0.713571429,0.238108418
2017/5/17,125,284,184,146,157,310,202,192,383,218.5714286,276,344.7142857,344.047619,392.1428571,432.7380952,469.5604396,544.1428571,,621.4285714,648.4285714,,,370.7142857,388.5714286,400.6428571,430,,,486.7619048,670,,,441.7857143,501.4285714,443.5714286,,568.75,425.3571429,550,,531.0714286,,,610,1,1,1,3,1,1,1,1,3,1,1,1,1,3,1,209.6186611,293.0157563,335.3201681,400.9722222,443.3333333,629.6428571,707.5,790,544.1428571,621.4285714,648.4285714,,343.2142857,392.1428571,432.7380952,477.0793651,287.6428571,418.047619,434.8095238,404,471.25,375,,405.7142857,410,432.5989011,595,635,745,835,649,751,778,570,,395.2857143,,538.3333333,,584.5,360,,,,630,527.1428571,664,,0.42,0.705714286,0.23,48.83116883,16.81428571,221.599026,0.417792208,0.706428571,0.23375
2017/5/24,125,284,184,146,157,310,202,192,383,215.8571429,268.5714286,331.1428571,334.047619,382.8571429,417.2619048,458.1318681,538.9285714,,609.6428571,636.6428571,,,360.7142857,377.8571429,396.6428571,430,,,482.6666667,665.7142857,,,436.4285714,497.8571429,432.8571429,,564.4642857,415.5952381,550,,519.2857143,,,605.7142857,1,1.571428571,1,2,1,1,1.571428571,1,2,1,1,1.571428571,1,2,1,207.6197619,280.4375,327.0651261,393.8968254,436.6666667,618.3333333,697.5,790,538.9285714,609.6428571,636.6428571,,333.2142857,382.8571429,417.2619048,464.961039,286.5,410.4285714,428,400,471.25,375,,393.5714286,410,419.2185592,595,635,745,835,649,751,778,561.4285714,,387.2857143,,534.047619,,584.5,344.2857143,,,,630,501.4285714,664,,0.415714286,0.7,0.23,48.37662338,16.7,219.2748918,0.415324675,0.703,0.23202381
2017/5/31,125,284,184,146,157,306.5714286,202,192,383,209.1428571,256.2857143,319.5714286,319.7619048,369.2857143,403.2142857,444.3956044,535.8571429,,605.5714286,632.5714286,,,355,370.7142857,394.8571429,430,,,479.5714286,660,,,432.8571429,495,425.7142857,,558.75,407.2619048,550,,515,,,593.5714286,1,1.285714286,1.571428571,2.428571429,1,1,1.285714286,1.571428571,2.428571429,1,1,1.285714286,1.571428571,2.428571429,1,203.3940269,271.9511555,318.5688025,383.6867168,436.6666667,618.3333333,697.5,790,535.8571429,605.5714286,632.5714286,,318.9285714,369.2857143,403.2142857,451.0909091,286.2857143,403.047619,424,400.4285714,471.25,375,,385,410,423.5834536,595,635,745,835,649,751,778,550,,383.7142857,,528.3333333,,584.5,350,,,,630,490,664,,0.41,0.695714286,0.234285714,47.5974026,16.63571429,220.8367347,0.41,0.699571429,0.233587302
2017/6/7,124.5714286,284,184,146,157,302,202,192,383,204,246,311,308.3333333,355,390.8333333,430.7692308,540.7142857,,603.5714286,630.5714286,,,352.8571429,365,395.7142857,427.8571429,,,480.1428571,660,,,430,490.7142857,420,,555.5357143,402.5,545.7142857,,512.8571429,,,585,1,1,1,2.285714286,1,1,1,1,2.285714286,1,1,1,1,2.285714286,1,200.3190994,269.5068277,311.0178571,385.0902256,441.4285714,625.4761905,704.6428571,790,540.7142857,603.5714286,630.5714286,,307.5,355,390.8333333,438,281.5,396.4761905,419.8571429,400.5714286,471.25,375,,385,410,419.005994,595,635,745,835,649,751,778,550,,413.2142857,,528.3333333,,544.5,347.8571429,,,,587.1428571,485.7142857,619,,0.414285714,0.69,0.24,47.80519481,16.55,227.0976282,0.409480519,0.695,0.240362934
2017/6/14,124,284,184,146,157,302,202,192,383,202.2857143,251.1428571,318.7142857,308.3333333,355,390.8333333,430.7692308,555.4285714,,618.5714286,645.5714286,,,354.2857143,369.2857143,401.8571429,425,,,479.2380952,660,,,434.2857143,482.3214286,424.2857143,,550.1785714,401.0714286,542.1428571,,512.1428571,,,582.8571429,1,1,1,2.285714286,1,1,1,1,2.285714286,1,1,1,1,2.285714286,1,200.9836957,278.4053571,322.6547619,407.0033417,443.3333333,628.3333333,707.5,790,555.4285714,618.5714286,645.5714286,,307.5,355,390.8333333,438,275.5,390,412.1904762,400,471.25,375,,385,410,401.4285714,595,635,745,835,649,751,778,545.7142857,,397.7142857,,521.9047619,,528.5,345,,,,570,480,601,,0.424285714,0.698571429,0.248571429,49.61038961,16.72142857,235.8529601,0.419480519,0.700142857,0.250579151
2017/6/21,130.4285714,284,184,146,157.8571429,302,202,192,392.4285714,202.1428571,266.5714286,335,319.047619,361.4285714,401.547619,438.6813187,580.1428571,,636,663,,,364.2857143,381.4285714,411.9285714,425,,,479.2857143,660,,,443.2142857,479.8214286,436.4285714,,548.75,404.5238095,545,,520.3571429,,,580,1,1,1,2.428571429,1,1,1,1,2.428571429,1,1,1,1,2.428571429,1,204.5740166,293.2091837,344.032967,426.9444444,412.8571429,636.25,705,800,580.1428571,636,663,,318.2142857,361.4285714,401.547619,444.6428571,275.2857143,389.8571429,409.6190476,400.4285714,471.25,375,,385,410,400.7692308,595,635,745,835,649,751,778,540,,417.8571429,,513.3333333,,528.5,349.2857143,,,,570,484.2857143,601,,0.43,0.714285714,0.264285714,50.94805195,17.1,248.0929705,0.427662338,0.714285714,0.263795918
2017/6/28,139,288.7142857,184,146,159,305.8571429,202,192,414.4285714,205.8571429,280.1428571,344.2857143,344.047619,374.2857143,422.9761905,454.5054945,583,,640.2857143,667.2857143,,,370,392.1428571,417.8571429,425,,,483.2380952,660,,,448.5714286,481.25,447.1428571,,548.75,414.8809524,545,,531.7857143,,,580,1,1,1,2.142857143,1,1,1,1,2.142857143,1,1,1,1,2.142857143,1,214.9487075,300.657563,349.6176217,435.7539683,420,630.8928571,709.2857143,800,583,640.2857143,667.2857143,,343.2142857,374.2857143,422.9761905,460.8095238,275,389.3809524,411,402.2857143,471.25,375,,385,410,422.2967033,595,635,745,835,649,751,778,540,,444.3571429,,513.3333333,,528.5,370,,,,570,502.8571429,601,,0.43,0.72,0.27,51,17.3,253.4489796,0.428961039,0.724,0.269469388
2017/7/5,134.7142857,295,184,147.7142857,159,311,202,192,427,207.8571429,283.8571429,348.1428571,358.3333333,380,432.5,461.5384615,586.5714286,,653.4285714,680.4285714,,,372.1428571,395,418.5,425,,,483.6666667,660,,,450,483.9285714,450,,550.8928571,419.1666667,545,,539.6428571,,,580,1,1,1,2.857142857,1,1,1,1,2.857142857,1,1,1,1,2.857142857,1,216.7530299,308.3912232,352.1512755,441.8650794,412.8571429,630.5714286,714.047619,800,586.5714286,653.4285714,680.4285714,,357.5,380,432.5,470.5555556,275,389.5714286,413.4761905,405.2857143,471.25,375,,385,410,456.4285714,595,635,745,835,649,751,778,540,,460.2857143,,513.3333333,,528.5,383.5714286,,,,570,528.5714286,601,,0.421428571,0.72,0.27,50.25974026,17.3,252.5017007,0.423376623,0.724,0.268972789
2017/7/12,129,295,184,155.1428571,159,311,202,196.2857143,427,209,287.1428571,351.8571429,362.6190476,384.2857143,439.6428571,466.8131868,601,,670.4285714,697.4285714,,,375,397.1428571,423.9285714,425,,,488.7142857,660,,,451.0714286,488.5714286,452.1428571,,555.3571429,424.1666667,545,,547.8571429,,,583.2142857,1,1,1,1.714285714,1,1,1,1,1.714285714,1,1,1,1,1.714285714,1,206.4577922,307.9256966,358.3059524,446.7180205,400,643.1547619,715.952381,800,601,670.4285714,697.4285714,,361.7857143,384.2857143,437.8571429,471.8174603,275,391.3333333,417.8571429,407,471.25,375,,385,410,467.4761905,595,635,745,835,649,751,778,546.4285714,,441.8571429,,516.9047619,,528.5,387.8571429,,,,570,544.2857143,601,,0.41,0.72,0.265714286,49.31168831,17.3,250.2455649,0.414545455,0.724,0.266521942
2017/7/19,129,295,184,162,159,311,202,202,427,209,290.8571429,354.2857143,370.4761905,394.2857143,450.5952381,477.1428571,611.0714286,,684.8571429,711.8571429,,,375,400,430.6428571,425,,,495.0952381,660,,,452.5,490,455,,561.7857143,430.8333333,547.1428571,,556.0714286,,,591.7857143,1,1,1,2,1,1,1,1,2,1,1,1,1,2,1,212.422619,310.7518797,360.639881,447.5630252,400,664.4761905,719.5238095,937.1428571,611.0714286,684.8571429,711.8571429,,369.6428571,394.2857143,448.2142857,480.8095238,275,393.8095238,424.0952381,408.2857143,471.25,375,,385,410,473.5555556,595,635,745,835,649,751,778,555,,455.2857143,,521.6666667,,528.5,409.2857143,,,,570,550,601,,0.41,0.72,0.264285714,49.36363636,17.25714286,249.8935574,0.414545455,0.722285714,0.26605042
2017/7/26,129,295,184,162,159,311,202,202,427,209.8571429,294.5714286,359,373.3333333,400,452.5,481.5384615,614.7142857,,688.8571429,715.8571429,,,379.2857143,404.2857143,433.7142857,425,,,497.1428571,660,,,454.6428571,491.0714286,455,,567.5,431.547619,550,,557.5,,,597.5,1,1,1,1.857142857,1,1,1,1,1.857142857,1,1,1,1,1.857142857,1,213.1828571,317.9548872,361.6071429,445.2521008,400,670.2857143,718.5714286,960,614.7142857,688.8571429,715.8571429,,372.5,400,452.5,490.5555556,275,397.3333333,429.4761905,409.5714286,471.25,375,,385,410,481.0972222,595,635,745,835,649,751,778,555,,461.4285714,,521.6666667,,528.5,419.2857143,,,,570,550,601,,0.41,0.72,0.27,49.51948052,17.2,250.6031746,0.414155844,0.72,0.267142857
2017/8/2,140.1428571,295,187.8571429,162,164.5714286,311,205.8571429,202,427,214.8571429,298.4285714,363.8571429,373.3333333,404.2857143,453.9285714,484.8351648,612.4285714,,685,712,,,385,410,433.1428571,425,,,501.7619048,666.4285714,,,457.5,502.6785714,459.2857143,,567.5,434.6428571,550,,557.5,,,600.7142857,1.428571429,1,1,1.714285714,1,1.428571429,1,1,1.714285714,1,1.428571429,1,1,1.714285714,1,216.4571429,319.7669173,363.3988095,441.057423,400,666.1071429,721.1904762,960,612.4285714,685,712,,372.5,404.2857143,453.9285714,491.8174603,277.5714286,403,437.6190476,409,471.25,375,,385,410,489.375,595,635,745,835,649,751,778,561.4285714,,460.2857143,,528.8095238,,528.5,425,,,,570,550,601,,0.422857143,0.72,0.27,50.66233766,17.2,250.6111111,0.426493506,0.72,0.268253968
2017/8/9,155,295,193,162,172,311,211,202,427,222.1428571,300.2857143,366.2857143,373.3333333,416.4285714,457.9761905,494.1758242,608.4285714,,682.1428571,709.1428571,,,385,410,431.1428571,429.2857143,,,509.952381,679.2857143,,,459.6428571,518.3928571,465,,570.7142857,438.5714286,552.1428571,,559.6428571,,,617.8571429,1.571428571,1,1,2.142857143,1,1.571428571,1,1,2.142857143,1,1.571428571,1,1,2.142857143,1,220.1832955,321.3116541,365.8035714,439.0079365,400,664,725,960,608.4285714,682.1428571,709.1428571,,372.5,416.4285714,457.9761905,499.7142857,281,407.2857143,448.2380952,410.7142857,471.25,375,,385,410,494.8392857,595,635,745,835,649,751,778,574.2857143,,456.2857143,,542.6190476,,528.5,425,,,,570,552.1428571,601,,0.44,0.72,0.27,51.83116883,17.2,251.1315193,0.443246753,0.72,0.269120181
2017/8/16,155,295,193,163.7142857,172,311,211,208.8571429,429.5714286,226.2857143,302.4285714,368,373.3333333,425,460.8333333,500.7692308,600,,672.2857143,699.2857143,,,385,410,428.2857143,439.2857143,,,511.8571429,685,,,465.7142857,521.25,465,,575.5357143,440,558.2142857,,565.7142857,,,635,1,1,1,2.142857143,1,1,1,1,2.142857143,1,1,1,1,2.142857143,1,220.870036,321.7593985,365.7857143,438.3846872,504.6428571,664.8571429,722.8571429,960,600,672.2857143,699.2857143,,372.5,425,460.8333333,508,282.2857143,409.0952381,454.2857143,413,471.25,375,,385,410,475.6785714,595,635,745,835,649,751,778,580,,450.5714286,,548.3333333,,528.5,429.2857143,,,,570,555,601,,0.44,0.715714286,0.27,51.06493506,17.11428571,251.6518607,0.43961039,0.715714286,0.269547419
2017/8/23,155,297.1428571,193.4285714,166,172,314,212.7142857,218,437.2857143,228.4285714,303,368,373.3333333,433.5714286,460.8333333,506.3736264,595.7142857,,666.2857143,693.2857143,,,385,410,424.9285714,445,,,509.6190476,685,,,470,521.25,465,,578.9285714,438.2142857,562.5,,570,,,643.5714286,1,1,1,1.857142857,1,1,1,1,1.857142857,1,1,1,1,1.857142857,1,222.032967,322.2406015,364.2738095,439.0756303,521.7857143,662.1428571,718.5714286,960,595.7142857,666.2857143,693.2857143,,372.5,433.5714286,460.8333333,514.7012987,280.1428571,413.4285714,457.2857143,413,471.25,375,,385,410,471.25,595,635,745,835,649,751,778,575.7142857,,443.8571429,,546.9047619,,528.5,430.7142857,,,,570,555,601,,0.44,0.71,0.27,50.41558442,17,249.7941176,0.437792208,0.71,0.270588235
2017/8/30,155,300,194,166,172,318,215,218,443,230.7142857,303,368.4285714,373.3333333,445,460.8333333,513.8461538,599.4285714,,672.8571429,699.8571429,,,385,410,425,447.1428571,,,509.6666667,685,,,473.2142857,521.25,465,,582.5,435.4761905,565.7142857,,573.2142857,,,655,1,1,1,2,1,1,1,1,2,1,1,1,1,2,1,222.4457672,321.9548872,364.1428571,438.7114846,417.5,660.3571429,717.5,960,599.4285714,672.8571429,699.8571429,,372.5,445,460.8333333,523.6363636,275,417.0952381,458.7142857,413,471.25,375,,385,410,476.2857143,595,635,745,835,649,751,778,570,,444,,545,,528.5,425,,,,570,555,601,,0.444285714,0.71,0.27,51.62337662,17,252.4605042,0.445584416,0.71,0.271130852
2017/9/6,154.1428571,308.5714286,195.7142857,166.8571429,172.4285714,336,215,221.4285714,444.7142857,235.1428571,303,369,373.3333333,451.4285714,462.9761905,518.7912088,611.5714286,,684.8571429,711.8571429,,,386.7142857,413,429.7857143,450,,,512.8571429,685,,,479,521.6785714,468,,582.5,435.5,572.1428571,,577.5,,,661.4285714,1,1,1,2,1,1,1,1,2,1,1,1,1,2,1,223,321.0238095,365.0952381,439.015873,442.8571429,658.3928571,728.2142857,960,611.5714286,684.8571429,711.8571429,,372.5,451.4285714,462.9761905,529.4805195,275.2142857,418.2380952,459.3333333,413.8571429,471.25,375,,385,410,486.4285714,595,635,745,835,649,751,778,570,,453.5714286,,545,,528.5,428.4285714,,,,570,555,601,,0.45,0.71,0.27,52.85714286,17,258.844898,0.451428571,0.71,0.272
2017/9/13,153.8571429,320,198,168,174.2857143,363.4285714,215,226,447,238,304.7142857,370.7142857,375.4761905,472.2142857,471.9047619,535.4725275,628.4285714,,712.5714286,739.5714286,,,392,420.8571429,438.6428571,450,,,517.3333333,685,,,482.9285714,523,475.8571429,,583.5714286,437.8095238,575,,579,,,680.7142857,1,1,1,2.142857143,1,1,1,1,2.142857143,1,1,1,1,2.142857143,1,224.973545,324.5676692,374.3494398,451.3809524,484.2857143,677.6785714,745.3571429,971.4285714,628.4285714,712.5714286,739.5714286,,374.6428571,472.2142857,471.9047619,548.6493506,275.5,421.7142857,460.952381,417.5714286,471.25,375,,385,410,492.7142857,595,635,745,835,649,751,778,570,,469.1428571,,545,,528.5,446.7142857,,,,570,560.1428571,601,,0.45,0.71,0.27,53.33766234,17.12857143,264.3020408,0.453636364,0.714714286,0.279183673
2017/9/20,155,320,198,172.7142857,178.5714286,368.8571429,215,226,448.2857143,238.8571429,309.5714286,379.4285714,386.9047619,491.2857143,484.6428571,552.3516484,651.1428571,,752,779,,,399.8571429,430.2857143,453.2142857,450,,,526.5714286,685,,,487.6428571,526.0357143,485.2857143,,586.0714286,444,575,,587,,,697.1428571,1,1,1,2.428571429,1,1,1,1,2.428571429,1,1,1,1,2.428571429,1,228.7663655,338.4097744,389.5696502,461.4282796,567.1428571,717.6190476,754.2857143,980,651.1428571,752,779,,386.0714286,491.2857143,484.6428571,566.8571429,275.5,426.6190476,463.1904762,423.1428571,471.25,375,,385,410,499.3714286,595,635,745,835,649,751,778,574.2857143,,493.2857143,,547.8571429,,528.5,473.5714286,,,,570,567.4285714,601,,0.46,0.724285714,0.29,54.18181818,17.42857143,269.9248759,0.45961039,0.724,0.288130171
2017/9/27,155,320,198,179,182,370,215,226,450,241.2857143,316,394,404.7619048,501.4285714,501.547619,564.8351648,671.7142857,,764.4285714,791.4285714,,,411.8571429,444.1428571,465.8571429,450,,,536.9047619,685,,,497.7857143,530.4642857,499.1428571,,589.6428571,454.9761905,578.2142857,,601.4285714,,,700,1,1,1,2.142857143,1,1,1,1,2.142857143,1,1,1,1,2.142857143,1,232.6342857,350.6899093,401.2408472,465.4117063,612.8571429,720.4761905,760,980,671.7142857,764.4285714,791.4285714,,403.9285714,501.4285714,501.547619,577.9220779,275.7142857,431.1904762,471.2380952,426,493.4285714,375,,385,410,522.7571429,595,635,745,835,649,751,778,580,,515.7142857,,551.6666667,,528.5,494.8571429,,,,570,576.1428571,601,,0.46,0.738571429,0.29,54.46753247,17.94285714,273.0888031,0.461558442,0.737,0.291814672
2017/10/4,155,320,198,179,182,370,215,226,450,243,320,402,413.3333333,510,515.8333333,575.3846154,675,,769,796,,,421,455,469,450,,,539,685,,,507.5,532.75,510,,592.5,462.5,582.5,,610,,,700,1,1,1,2,1,1,1,1,2,1,1,1,1,2,1,233.32,356.4285714,407.6470588,467.2222222,620,720,760,980,675,769,796,,412.5,510,515.8333333,587.2727273,276,435,478.6666667,426,523,375,,385,410,546.1666667,595,635,745,835,649,751,778,580,,522,,551.6666667,,528.5,508,,,,570,587,601,,0.46,0.75,0.29,54.36363636,18.4,273.7837838,0.46,0.749,0.292432432
2017/10/11,155,320,198,179,182,370,215,226,450,245.1428571,321.2857143,405,413.3333333,510,515.8333333,575.3846154,678,,772,799,,,424,457.1428571,469.8571429,450,,,539.5714286,685,,,508.5714286,533.5,512.1428571,,594.6428571,462.8571429,586.7857143,,610.6428571,,,700,1,1,1,2,1,1,1,1,2,1,1,1,1,2,1,237.7007143,358.0612245,408.6554622,466.2301587,620,720,760,980,678,772,799,,412.5,510,515.8333333,587.2727273,276,440,482.3809524,426.8571429,523,375,,385,410,545.1952381,595,635,745,835,649,751,778,580,,523.7142857,,551.6666667,,528.5,494.7142857,,,,570,587.8571429,601,,0.455714286,0.75,0.29,53.85714286,18.48571429,274.3050193,0.457272727,0.750285714,0.293011583
2017/10/18,155,320,198,181,192,386,215,234,457,248.4285714,324.2857143,411.1428571,413.3333333,510,515.8333333,575.3846154,676.2857143,,771.2857143,798.2857143,,,428.4285714,462.1428571,469.9285714,450,,,539.6190476,685,,,511.0714286,534.6071429,517.1428571,,597.5,463.6904762,592.5,,611.9285714,,,700,1,1,1,2,1,1,1,1,2,1,1,1,1,2,1,243.5666667,361.8027211,411.1355042,468.5714286,675.255102,770,760,980,676.2857143,771.2857143,798.2857143,,412.5,510,515.8333333,587.2727273,276,446.5238095,486.7619048,427.5714286,505.8571429,375,,385,410,541.2642857,595,635,745,835,649,751,778,580,,523.8571429,,551.6666667,,528.5,468,,,,570,588.1428571,601,,0.454285714,0.75,0.29,53.61038961,18.6,274.047619,0.455194805,0.752,0.293471686
2017/10/25,155,320,198,181,192,382.1428571,215,234,450.1428571,250.2857143,326,414.4285714,413.3333333,510,515.8333333,575.3846154,668.1428571,,763.8571429,790.8571429,,,428.1428571,466.2857143,352.3571429,450,,,528.5238095,685,,,513.1428571,534.5357143,521.2857143,,597.5,464.3809524,592.5,,610.7857143,,,710.7142857,1,1,1,1.571428571,1,1,1,1,1.571428571,1,1,1,1,1.571428571,1,244,363.6874329,416.0986395,470.3571429,677.8571429,830,760,980,668.1428571,763.8571429,790.8571429,,412.5,510,515.8333333,587.2727273,276,446.3333333,485,427,483,375,,385,410,539.8010204,595,635,745,835,649,751,778,580,,517.5714286,,551.6666667,,528.5,452.1428571,,,,570,587,601,,0.46,0.754285714,0.29,54.18181818,18.68571429,271.8321995,0.457272727,0.753714286,0.292603175
2017/11/1,155,320,198,181,192,377,215,234,441,252,323.8571429,415,409.047619,506.7857143,510.4761905,571.4285714,648.2857143,,748.7142857,775.7142857,,,424.8571429,465.4285714,307,450,,,515,685,,,512.7142857,533.7142857,520.4285714,,597.5,462.0952381,592.5,,607.2142857,,,725,1,1,1,1.428571429,1,1,1,1,1.428571429,1,1,1,1,1.428571429,1,243.3571429,360.1211362,417.7959184,469.2063492,668.0782313,822.8571429,813.5714286,980,648.2857143,748.7142857,775.7142857,,408.2142857,506.7857143,510.4761905,583.7662338,276,445.4761905,481.8095238,425.2857143,476.5714286,375,,385,410,527.2244898,595,635,745,835,646,747.2857143,774.2857143,580,,503.1428571,,551.6666667,,528.5,446.1428571,,,,570,583.1428571,601,,0.455714286,0.755714286,0.29,53.51948052,18.67142857,268.8979592,0.452987013,0.752142857,0.288166667
2017/11/8,155,320,198,181,192,377,215,234,441,252,320.1428571,412.4285714,401.1904762,486.4285714,493.6904762,552.3076923,628.8571429,,727,754,,,416,457.2857143,451.2857143,447.8571429,,,511.7857143,682.8571429,,,502.2142857,529.8928571,512.2857143,,595.3571429,455.0238095,586.0714286,,595.2142857,,,716.4285714,1,1.142857143,1,2,1,1,1.142857143,1,2,1,1,1.142857143,1,2,1,238.8571429,352.3101921,413.7619048,464.7222222,649,800,810,980,628.8571429,727,754,,400.3571429,486.4285714,493.6904762,563.8961039,276,443.4761905,477.047619,423,476.6785714,375,,421.4285714,410,523.5102041,595,635,745,835,628.8571429,727,754,580,,482.2857143,,549.5238095,,528.5,445.4285714,,,,570,578,601,,0.45,0.745714286,0.285714286,52.48051948,18.37142857,266.6666667,0.446493506,0.743571429,0.283055556
2017/11/15,155,320,198,181,192,377,215,234,441,249.8571429,314.7142857,402.1428571,394.047619,461.7857143,475.4761905,529.8901099,623.7142857,,717.8571429,744.8571429,,,408,448,343.3571429,445,,,507.5,680,,,489,525.75,503,,592.5,447.5238095,577.5,,578.2857143,,,705,1.857142857,1,1,1.857142857,1,1.857142857,1,1,1.857142857,1,1.857142857,1,1,1.857142857,1,238.3251465,344.8095238,403.0535714,457.6157796,645.5714286,800,810,980,623.7142857,717.8571429,744.8571429,,393.2142857,461.7857143,475.4761905,540.1298701,276,442.047619,471,422.1428571,484.5428571,375,,448.5714286,410,523.1964286,583.5714286,623.5714286,722.1428571,812.1428571,623.7142857,717.8571429,744.8571429,580,,472,,546.6666667,,528.5,440.4285714,,,,570,574.1428571,601,,0.445714286,0.735714286,0.28,51.88311688,18.05,265.7142857,0.442727273,0.733857143,0.282222222
2017/11/22,158.8571429,320,198,180.1428571,193.7142857,377,215,230.5714286,443.5714286,246.1428571,305.1428571,388.2857143,388.3333333,457.5,468.3333333,524.6153846,628.2857143,,717.8571429,744.8571429,,,405.4285714,438.4285714,202.5,445,,,507.5,680,,,484.2142857,525.1071429,493.4285714,,591.4285714,442.7142857,577.5,,571.6428571,,,704.2857143,1.142857143,1,1,1.857142857,1,1.142857143,1,1,1.857142857,1,1.142857143,1,1,1.857142857,1,240.4959524,335.7428571,397.4255952,451.9845938,641,800,810,980,628.2857143,717.8571429,744.8571429,,387.5,457.5,468.3333333,535.4545455,276,440.0952381,465,418.8571429,477.8857143,375,,420,410,516.2619048,575,615,705,795,628.2857143,717.8571429,744.8571429,577.8571429,,475,,545.952381,,528.5,421,,,,570,566.4285714,601,,0.44,0.725714286,0.28,51.4025974,17.80714286,264.3764172,0.439480519,0.724857143,0.282104308
2017/11/29,164,320,198,178.5714286,196,377,215,224.7142857,447,242.4285714,298.2857143,379.8571429,386.1904762,455.3571429,464.7619048,521.978022,648.8571429,,731.2857143,758.2857143,,,400.2857143,428.4285714,202.5,442.8571429,,,507.5,680,,,477.0714286,523.8214286,483.4285714,,588.3928571,439.1428571,575.3571429,,563.5714286,,,703.3333333,1,1,1,2.428571429,1,1,1,1,2.428571429,1,1,1,1,2.428571429,1,241.5248447,326.2830606,393.1734694,447.3650794,648.75,760,810,980,648.8571429,731.2857143,758.2857143,,385.3571429,455.3571429,464.7619048,533.1168831,276,431.7142857,461.6190476,413.4285714,469.2357143,375,,428.5714286,410,506.6565657,575,615,705,795,648.8571429,731.2857143,758.2857143,575,,479,,545,,528.5,405,,,,570,563,601,,0.448571429,0.72,0.28,52.58441558,17.83571429,265.2220888,0.447792208,0.723285714,0.284228091
2017/12/6,164,320,197.5714286,178,196,377,215,223,447,238.5714286,296,376.5714286,383.3333333,452.5,460,518.4615385,661.4285714,,737.5714286,764.5714286,,,397.5714286,424.5714286,202.5,440,,,507.5,680,,,472.2857143,523.1428571,479.5714286,,585.1785714,436.5952381,572.5,,555.2857143,,,703.3333333,1,1,1,2.285714286,1,1,1,1,2.285714286,1,1,1,1,2.285714286,1,241.7590476,323.7439186,390.9798535,441.9365079,628.3928571,745.7142857,810,980,661.4285714,737.5714286,764.5714286,,382.5,452.5,460,530,276,421.9047619,457.8095238,410,457.5357143,375,,427.1428571,410,504.2727273,582.1428571,622.1428571,722.1428571,812.1428571,661.4285714,737.5714286,764.5714286,575,,479,,545,,528.5,405,,,,570,563,601,,0.46,0.72,0.28,54.24675325,17.99285714,267.4789916,0.459350649,0.727142857,0.286176471
2017/12/13,158,320,197,178,196,377,215,223,447,238,296,374.2857143,383.3333333,452.5,460,518.4615385,665.7142857,,740.2857143,767.2857143,,,397,424,202.5,435.7142857,,,507.5,680,,,471.3571429,522.8928571,477.7142857,,581.6071429,436.2857143,572.5,,553.2142857,,,703.3333333,1.571428571,1,1,1.571428571,1,1.571428571,1,1,1.571428571,1,1.571428571,1,1,1.571428571,1,242.603022,325.075188,390.6843157,436.6111111,602.5,713.3333333,824.2857143,980,665.7142857,740.2857143,767.2857143,,382.5,452.5,460,530,276,420,454,410,453.25,375,,410,410,499.5946197,594.2857143,634.2857143,743.5714286,823.5714286,665.7142857,740.2857143,767.2857143,575,,479,,545,,528.5,405,,,,570,563,601,,0.46,0.72,0.28,54.45454545,18.05,268.8235294,0.460909091,0.73,0.287352941
2017/12/20,150,320,197,178,196,377,215,223,447,238,295.5714286,372,384.047619,454.6428571,463.2142857,521.0989011,667,,741,768,,,397,424,202.5,430,,,507.5,680,,,470.5,522.75,476,,578.75,436,572.5,,553.5,,,703.3333333,2,1,1,1,1,2,1,1,1,1,2,1,1,1,1,243.009768,325.2130326,390.6980519,435.2777778,602.5,713.3333333,825,980,667,741,768,,382.5,452.5,460,530,276,417.7142857,454.1428571,410.8571429,453.25,375,,410,410,493.3571429,595,635,745,825,667,741,768,575,,479,,545,,528.5,405,,,,570,563,601,,0.46,0.72,0.28,54.45454545,18.05,268.8235294,0.460909091,0.73,0.287352941
2017/12/27,150,320,197,178,196,377,215,223,447,238,295,372,385,457.5,467.5,524.6153846,667,,741,768,,,397,424,202.5,430,,,507.5,680,,,470.5,522.75,476,,578.75,436,572.5,,553.5,,,703.3333333,2,1,1,1,1,2,1,1,1,1,2,1,1,1,1,242.2222222,327.7777778,390.4166667,435.2777778,602.5,713.3333333,825,980,667,741,768,,382.5,452.5,460,530,276,414.6666667,454.3333333,412,453.25,375,,410,410,493.3571429,595,635,745,825,667,741,768,575,,479,,545,,528.5,405,,,,570,563,601,,0.46,0.72,0.28,54.45454545,18.05,268.8235294,0.460909091,0.73,0.287352941
